phase_uid,fov1_xc,fov1_yc,fov0_xcorr,fov0_ycorr,piv_dt,v_surge,p_inf,rho_inf,v_inf
p70_case_00_phase_00,13.866,0.929,-7.513,2.944,0.45,0.747,101702.559,1.197,3.045
p70_case_00_phase_01,-9.827,0.761,-7.513,2.944,0.45,0.373,101704.082,1.197,3.051
p70_case_00_phase_02,-16.884,0.593,-7.513,2.944,0.45,0,101699.897,1.197,3.051
p70_case_00_phase_03,-6.97,0.761,-7.513,2.944,0.45,-0.373,101701.12,1.197,3.052
p70_case_00_phase_04,17.563,0.929,-7.513,2.944,0.45,-0.747,101700.235,1.197,3.045
p70_case_00_phase_05,49.489,1.265,-7.513,2.944,0.45,-0.747,101690.19,1.196,3.053
p70_case_00_phase_06,76.038,1.433,-7.513,2.944,0.45,-0.373,101684.746,1.196,3.048
p70_case_00_phase_07,84.776,1.601,-7.513,2.944,0.45,0,101680.52,1.196,3.036
p70_case_00_phase_08,72.667,1.433,-7.513,2.944,0.45,0.373,101678.7,1.196,3.052
p70_case_00_phase_09,44.952,1.265,-7.513,2.944,0.45,0.747,101678.601,1.196,3.062
p70_case_00_phase_10,13.866,0.929,-7.513,2.944,0.45,0.747,101680.585,1.196,3.057
p70_case_00_phase_11,-9.827,0.761,-7.513,2.944,0.45,0.373,101680.585,1.196,3.057
p70_case_01_phase_00,21.931,0.929,-7.513,2.944,0.45,0.747,101679.356,1.199,3.03
p70_case_01_phase_01,10.841,0.929,-7.513,2.944,0.45,0.373,101688.336,1.199,3.049
p70_case_01_phase_02,7.817,0.929,-7.513,2.944,0.45,0,101694.021,1.199,3.05
p70_case_01_phase_03,14.37,0.929,-7.513,2.944,0.45,-0.373,101694.335,1.199,3.047
p70_case_01_phase_04,27.981,1.097,-7.513,2.944,0.45,-0.747,101696.398,1.199,3.051
p70_case_01_phase_05,44.616,1.097,-7.513,2.944,0.45,-0.747,101701.465,1.199,3.039
p70_case_01_phase_06,56.714,1.265,-7.513,2.944,0.45,-0.373,101704.08,1.199,3.044
p70_case_01_phase_07,60.411,1.265,-7.513,2.944,0.45,0,101710.299,1.199,3.04
p70_case_01_phase_08,52.681,1.265,-7.513,2.944,0.45,0.373,101715.813,1.199,3.026
p70_case_01_phase_09,38.063,1.097,-7.513,2.944,0.45,0.747,101718.393,1.199,3.049
p70_case_01_phase_10,21.931,0.929,-7.513,2.944,0.45,0.747,101711.768,1.199,3.049
p70_case_01_phase_11,10.841,0.929,-7.513,2.944,0.45,0.373,101709.117,1.198,3.044
p70_case_02_phase_00,11.681,0.929,-7.513,2.944,0.45,1.493,101717.702,1.198,3.035
p70_case_02_phase_01,-12.011,0.929,-7.513,2.944,0.45,0.747,101717.575,1.198,3.038
p70_case_02_phase_02,-16.884,0.593,-7.513,2.944,0.45,0,101714.402,1.198,3.047
p70_case_02_phase_03,-8.651,0.761,-7.513,2.944,0.45,-0.747,101722.85,1.198,3.049
p70_case_02_phase_04,17.395,0.929,-7.513,2.944,0.45,-1.493,101725.131,1.198,3.049
p70_case_02_phase_05,50.161,1.265,-7.513,2.944,0.45,-1.493,101723.448,1.198,3.038
p70_case_02_phase_06,80.071,1.433,-7.513,2.944,0.45,-0.747,101720.999,1.198,3.055
p70_case_02_phase_07,84.944,1.601,-7.513,2.944,0.45,0,101719.076,1.198,3.045
p70_case_02_phase_08,75.198,1.433,-7.513,2.944,0.45,0.747,101721.623,1.198,3.035
p70_case_02_phase_09,44.952,1.097,-7.513,2.944,0.45,1.493,101721.687,1.198,3.044
p70_case_02_phase_10,11.681,0.929,-7.513,2.944,0.45,1.493,101722.595,1.198,3.053
p70_case_02_phase_11,-12.011,0.929,-7.513,2.944,0.45,0.747,101721.725,1.198,3.039
p70_case_03_phase_00,3.787,1.086,-7.655,-3.692,0.675,1.493,102101.554,1.193,2.049
p70_case_03_phase_01,-30.221,1.086,-7.655,-3.692,0.675,0.747,102110.621,1.193,2.034
p70_case_03_phase_02,-42.511,1.086,-7.655,-3.692,0.675,0,102108.445,1.193,2.045
p70_case_03_phase_03,-29.716,1.086,-7.655,-3.692,0.675,-0.747,102106.578,1.193,2.052
p70_case_03_phase_04,4.797,1.086,-7.655,-3.692,0.675,-1.493,102099.857,1.193,2.05
p70_case_03_phase_05,52.443,1.255,-7.655,-3.692,0.675,-1.493,102099.076,1.193,2.031
p70_case_03_phase_06,97.395,1.423,-7.655,-3.692,0.675,-0.747,102096.508,1.192,2.03
p70_case_03_phase_07,112.38,1.423,-7.655,-3.692,0.675,0,102093.254,1.192,2.052
p70_case_03_phase_08,96.048,1.423,-7.655,-3.692,0.675,0.747,102085.78,1.192,2.037
p70_case_03_phase_09,53.958,1.255,-7.655,-3.692,0.675,1.493,102082.932,1.192,2.028
p70_case_03_phase_10,3.787,1.086,-7.655,-3.692,0.675,1.493,102072.446,1.192,2.024
p70_case_03_phase_11,-30.221,1.086,-7.655,-3.692,0.675,0.747,102069.745,1.192,2.037
p70_case_04_phase_00,12.71,1.086,-7.655,-3.692,0.675,1.493,102071.149,1.195,2.025
p70_case_04_phase_01,-11.197,1.086,-7.655,-3.692,0.675,0.747,102077.023,1.195,2.034
p70_case_04_phase_02,-16.079,1.086,-7.655,-3.692,0.675,0,102082.054,1.194,2.047
p70_case_04_phase_03,-7.83,1.086,-7.655,-3.692,0.675,-0.747,102086.435,1.194,2.032
p70_case_04_phase_04,18.266,1.255,-7.655,-3.692,0.675,-1.493,102083.793,1.194,2.045
p70_case_04_phase_05,51.096,1.255,-7.655,-3.692,0.675,-1.493,102086.994,1.194,2.031
p70_case_04_phase_06,81.064,1.423,-7.655,-3.692,0.675,-0.747,102082.894,1.194,2.02
p70_case_04_phase_07,86.283,1.423,-7.655,-3.692,0.675,0,102075.631,1.194,2.023
p70_case_04_phase_08,76.687,1.423,-7.655,-3.692,0.675,0.747,102079.719,1.193,2.042
p70_case_04_phase_09,46.045,1.255,-7.655,-3.692,0.675,1.493,102090.756,1.193,2.034
p70_case_04_phase_10,12.71,1.086,-7.655,-3.692,0.675,1.493,102099.121,1.193,2.042
p70_case_04_phase_11,-11.197,1.086,-7.655,-3.692,0.675,0.747,102099.167,1.193,2.031
p70_case_05_phase_00,2.272,1.086,-7.655,-3.692,0.675,2.016,102004.236,1.19,2.007
p70_case_05_phase_01,-33.252,1.086,-7.655,-3.692,0.675,1.008,101996.033,1.189,2.006
p70_case_05_phase_02,-40.66,1.086,-7.655,-3.692,0.675,0,101989.886,1.189,2.033
p70_case_05_phase_03,-29.548,1.086,-7.655,-3.692,0.675,-1.008,101992.134,1.189,2.022
p70_case_05_phase_04,3.451,1.086,-7.655,-3.692,0.675,-2.016,101991.103,1.189,2.012
p70_case_05_phase_05,53.79,1.255,-7.655,-3.692,0.675,-2.016,101988.192,1.189,2.014
p70_case_05_phase_06,100.26,1.423,-7.655,-3.692,0.675,-1.008,101979.628,1.189,2.015
p70_case_05_phase_07,113.73,1.423,-7.655,-3.692,0.675,0,101972.588,1.189,2.018
p70_case_05_phase_08,96.553,1.423,-7.655,-3.692,0.675,1.008,101972.588,1.189,2.018
p70_case_05_phase_09,54.127,1.255,-7.655,-3.692,0.675,2.016,101949.048,1.189,2.022
p70_case_05_phase_10,2.272,1.086,-7.655,-3.692,0.675,2.016,101947.849,1.189,2.009
p70_case_05_phase_11,-33.252,1.086,-7.655,-3.692,0.675,1.008,101937.807,1.189,2.023
p70_case_06_phase_00,35.878,1.601,-7.513,2.944,0.45,0,101669.975,1.195,3.097
p70_case_07_phase_00,35.878,1.601,-7.513,2.944,0.675,0,101670.004,1.195,2.045
p45_case_00_phase_00,13.530,0.593,-5.809,4.653,0.45,0.747,100912.714,1.189,2.989
p45_case_00_phase_01,-9.827,0.425,-5.809,4.653,0.45,0.373,100929.925,1.189,2.991
p45_case_00_phase_02,-17.220,0.425,-5.809,4.653,0.45,0,100946.742,1.189,2.996
p45_case_00_phase_03,-7.642,0.425,-5.809,4.653,0.45,-0.373,100956.654,1.189,3.000
p45_case_00_phase_04,17.227,0.593,-5.809,4.653,0.45,-0.747,100966.009,1.189,3.003
p45_case_00_phase_05,49.657,0.929,-5.809,4.653,0.45,-0.747,100979.595,1.189,3.002
p45_case_00_phase_06,76.374,1.097,-5.809,4.653,0.45,-0.373,100990.004,1.190,2.991
p45_case_00_phase_07,85.280,1.265,-5.809,4.653,0.45,0,100995.557,1.190,2.991
p45_case_00_phase_08,73.181,1.097,-5.809,4.653,0.45,0.373,100995.557,1.190,2.991
p45_case_00_phase_09,45.288,0.929,-5.809,4.653,0.45,0.747,101033.134,1.190,2.990
p45_case_00_phase_10,13.530,0.593,-5.809,4.653,0.45,0.747,101041.255,1.190,2.995
p45_case_00_phase_11,-9.827,0.425,-5.809,4.653,0.45,0.373,101054.963,1.190,3.006
p45_case_01_phase_00,21.931,0.593,-5.809,4.653,0.45,0.747,101166.014,1.186,3.058
p45_case_01_phase_01,10.841,0.593,-5.809,4.653,0.45,0.373,101166.014,1.186,3.058
p45_case_01_phase_02,7.649,0.593,-5.809,4.653,0.45,0,101148.448,1.187,3.044
p45_case_01_phase_03,14.370,0.593,-5.809,4.653,0.45,-0.373,101134.322,1.187,3.064
p45_case_01_phase_04,27.981,0.761,-5.809,4.653,0.45,-0.747,101072.640,1.186,3.047
p45_case_01_phase_05,44.784,0.761,-5.809,4.653,0.45,-0.747,101053.342,1.186,3.036
p45_case_01_phase_06,57.218,0.929,-5.809,4.653,0.45,-0.373,101043.295,1.186,3.071
p45_case_01_phase_07,60.915,0.929,-5.809,4.653,0.45,0,101038.608,1.186,3.024
p45_case_01_phase_08,53.018,0.929,-5.809,4.653,0.45,0.373,101035.926,1.186,3.059
p45_case_01_phase_09,38.567,0.761,-5.809,4.653,0.45,0.747,101021.185,1.186,3.059
p45_case_01_phase_10,21.931,0.593,-5.809,4.653,0.45,0.747,101012.244,1.186,3.038
p45_case_01_phase_11,10.841,0.593,-5.809,4.653,0.45,0.373,101006.213,1.186,3.010
p45_case_02_phase_00,11.681,0.593,-5.809,4.653,0.45,1.493,100599.832,1.185,2.999
p45_case_02_phase_01,-11.675,0.425,-5.809,4.653,0.45,0.747,100644.727,1.186,2.990
p45_case_02_phase_02,-17.388,0.425,-5.809,4.653,0.45,0,100667.667,1.186,2.990
p45_case_02_phase_03,-8.651,0.425,-5.809,4.653,0.45,-0.747,100705.535,1.186,3.018
p45_case_02_phase_04,17.227,0.593,-5.809,4.653,0.45,-1.493,100726.413,1.187,3.016
p45_case_02_phase_05,50.329,0.929,-5.809,4.653,0.45,-1.493,100744.876,1.187,3.003
p45_case_02_phase_06,79.735,1.097,-5.809,4.653,0.45,-0.747,100757.029,1.187,2.992
p45_case_02_phase_07,85.952,1.265,-5.809,4.653,0.45,0,100771.760,1.187,3.003
p45_case_02_phase_08,75.702,1.097,-5.809,4.653,0.45,0.747,100778.070,1.187,3.009
p45_case_02_phase_09,45.456,0.929,-5.809,4.653,0.45,1.493,100800.415,1.188,3.002
p45_case_02_phase_10,11.681,0.593,-5.809,4.653,0.45,1.493,100813.767,1.188,3.003
p45_case_02_phase_11,-11.675,0.425,-5.809,4.653,0.45,0.747,100827.758,1.188,3.001
p45_case_03_phase_00,6.472,2.778,-7.513,2.944,0.675,1.493,101796.645,1.204,2.040
p45_case_03_phase_01,-27.470,2.778,-7.513,2.944,0.675,0.747,101806.575,1.204,2.037
p45_case_03_phase_02,-39.737,2.106,-7.513,2.944,0.675,0,101811.437,1.203,2.036
p45_case_03_phase_03,-27.302,2.778,-7.513,2.944,0.675,-0.747,101816.516,1.203,2.048
p45_case_03_phase_04,7.145,2.778,-7.513,2.944,0.675,-1.493,101813.117,1.203,2.045
p45_case_03_phase_05,55.538,3.114,-7.513,2.944,0.675,-1.493,101812.105,1.203,2.037
p45_case_03_phase_06,99.899,3.450,-7.513,2.944,0.675,-0.747,101814.634,1.202,2.033
p45_case_03_phase_07,114.690,3.450,-7.513,2.944,0.675,0,101821.706,1.202,2.037
p45_case_03_phase_08,98.981,3.450,-7.513,2.944,0.675,0.747,101816.973,1.202,2.027
p45_case_03_phase_09,56.546,3.114,-7.513,2.944,0.675,1.493,101823.087,1.202,2.030
p45_case_03_phase_10,6.472,2.778,-7.513,2.944,0.675,1.493,101821.846,1.202,2.009
p45_case_03_phase_11,-27.470,2.778,-7.513,2.944,0.675,0.747,101831.943,1.201,2.029
p45_case_04_phase_00,14.874,1.265,-7.513,2.944,0.675,1.493,101689.807,1.194,2.046
p45_case_04_phase_01,-8.483,0.929,-7.513,2.944,0.675,0.747,101691.903,1.194,2.045
p45_case_04_phase_02,-13.692,0.930,-7.513,2.944,0.675,0,101694.257,1.194,2.036
p45_case_04_phase_03,-5.626,0.930,-7.513,2.944,0.675,-0.747,101706.456,1.195,2.049
p45_case_04_phase_04,20.083,1.265,-7.513,2.944,0.675,-1.493,101706.169,1.195,2.049
p45_case_04_phase_05,53.522,1.433,-7.513,2.944,0.675,-1.493,101706.727,1.195,2.047
p45_case_04_phase_06,83.432,1.938,-7.513,2.944,0.675,-0.747,101710.768,1.195,2.048
p45_case_04_phase_07,88.809,1.938,-7.513,2.944,0.675,0,101710.479,1.194,2.050
p45_case_04_phase_08,79.231,1.938,-7.513,2.944,0.675,0.747,101712.235,1.195,2.040
p45_case_04_phase_09,48.985,1.769,-7.513,2.944,0.675,1.493,101721.738,1.195,2.044
p45_case_04_phase_10,14.874,1.265,-7.513,2.944,0.675,1.493,101723.012,1.195,2.049
p45_case_04_phase_11,-8.483,0.929,-7.513,2.944,0.675,0.747,101730.124,1.195,2.050
p45_case_05_phase_00,5.296,1.601,-7.513,2.944,0.675,2.016,101832.860,1.201,2.032
p45_case_05_phase_01,-31.167,2.778,-7.513,2.944,0.675,1.008,101836.023,1.201,2.028
p45_case_05_phase_02,-36.712,1.601,-7.513,2.944,0.675,0,101837.065,1.201,2.042
p45_case_05_phase_03,-28.310,1.769,-7.513,2.944,0.675,-1.008,101838.912,1.200,2.021
p45_case_05_phase_04,6.304,2.442,-7.513,2.944,0.675,-2.016,101838.584,1.200,2.022
p45_case_05_phase_05,56.378,2.610,-7.513,2.944,0.675,-2.016,101847.117,1.200,2.020
p45_case_05_phase_06,102.590,4.122,-7.513,2.944,0.675,-1.008,101854.161,1.199,2.036
p45_case_05_phase_07,116.200,3.450,-7.513,2.944,0.675,0,101854.161,1.199,2.036
p45_case_05_phase_08,99.731,3.450,-7.513,2.944,0.675,1.008,101849.741,1.199,2.035
p45_case_05_phase_09,56.714,3.618,-7.513,2.944,0.675,2.016,101850.678,1.199,2.039
p45_case_05_phase_10,5.296,1.601,-7.513,2.944,0.675,2.016,101851.776,1.199,2.033
p45_case_05_phase_11,-31.167,2.778,-7.513,2.944,0.675,1.008,101852.635,1.199,2.029
p45_case_06_phase_00,35.878,1.601,-7.513,2.944,0.45,0,101685.238,1.194,3.092
p45_case_07_phase_00,35.878,1.601,-7.513,2.944,0.675,0,101681.759,1.195,2.053
piv_orig_vinf_3,0,0,-7.513,2.944,0.45,0,101675.512,1.195,3.054
piv_orig_vinf_2,0,0,-7.513,2.944,0.675,0,101678.084,1.195,2.038
piv_reinstall_vinf_2,0,0,-7.655,-3.692,0.675,0,102071.407,1.195,2.037
